FitnessType,https://fandemic.co/fitnesstype,12843,1201088,,,info@fitnesstype.com
JuggernautFitnessTV,https://fandemic.co/juggernautfitnesstv,89387,31845530,https://www.facebook.com/JuggernautFitness2,,
Fitness Education Seminars,https://fandemic.co/fitness-education-seminars,18873,3147368,,,helpdesk@fitnesseducationseminars.com
FaZe Fitness,https://fandemic.co/faze-fitness,127882,4329088,https://www.facebook.com/fazefitnessoffcial,https://instagram.com/fazefitness,fitness@fazeclan.net
Aladdin Meets Fitness,https://fandemic.co/aladdin-meets-fitness,11522,1145116,,,
SaschaFitness TV,https://fandemic.co/saschafitness-tv,138257,1319181,,,
FitnessBienEtre,https://fandemic.co/fitnessbienetre,144272,15627303,,,
InciteFitness,https://fandemic.co/incitefitness,19687,4166080,,http://www.instagram.com/incitefitness,
Fitness Attitude,https://fandemic.co/fitness-attitude,38565,1108076,,,healthylifewithlu@gmail.com
Geek To Freak Fitness & Lawn Care,https://fandemic.co/geek-to-freak-fitness-&-lawn-care,43760,2663181,,https://instagram.com/geek2freakfit,
KPOPX FITNESS OFFICIAL YOUTUBE CHANNEL,https://fandemic.co/kpopx-fitness-official-youtube-channel,15705,772438,,,kpopxfitness@gmail.com
PARTY FITNESS & DANCE TRAINING,https://fandemic.co/party-fitness-&-dance-training,12771,3629410,,,
Um Diario Fitness,https://fandemic.co/um-diario-fitness,20270,592501,http://www.facebook.com/umdiariofitness,http://www.instagram.com/umdiariofitness,umdiariofitness@gmail.com
Angel Fitness,https://fandemic.co/angel-fitness,33188,4535882,,,
Runtastic Fitness,https://fandemic.co/runtastic-fitness,94360,4104032,http://facebook.com/runtastic,http://instagram.com/runtastic,engagement@runtastic.com
Zac Smith Fitness,https://fandemic.co/zac-smith-fitness,34636,1277109,,,zac@zacsmithfitness.com
Anthony Kruijver Fitness,https://fandemic.co/anthony-kruijver-fitness,12347,833964,https://www.facebook.com/anthonykruijverfitness,https://instagram.com/anthonykruijverfitness,anthonykruijverfitness@gmail.com
GoKo Fitness,https://fandemic.co/goko-fitness,31793,3028691,https://www.facebook.com/gokofitness,https://instagram.com/goko_fitness,gokofitness@gmail.com
Natalie Jill Fitness,https://fandemic.co/natalie-jill-fitness,145444,7154255,http://facebook.com/nataliejillfit,http://instagram.com/nataliejillfit,support@nataliejillfitness.com
Feminine Fitness,https://fandemic.co/feminine-fitness,62728,3348423,,,
K's Perfect Fitness TV,https://fandemic.co/ks-perfect-fitness-tv,114460,14539272,http://www.facebook.com/ksperfectfitnesstv,https://www.instagram.com/ksperfectfitnesstv,info@ksperfectfitnesstv.com
LA Fitness,https://fandemic.co/la-fitness,14015,2178250,http://www.facebook.com/LAFitness,http://instagram.com/lafitness#,
FoundMyFitness,https://fandemic.co/foundmyfitness,29315,904364,https://www.facebook.com/pages/FoundMyFitness/165411950137902,,
Ultimate Fitness Motivation,https://fandemic.co/ultimate-fitness-motivation,73401,20143076,,,
Caroline CLN Fitness,https://fandemic.co/caroline-cln-fitness,59088,1286147,,,
Kanekin Fitness,https://fandemic.co/kanekin-fitness,46753,10195240,,https://www.instagram.com/kanekinfitness,
LoveSweatFitness,https://fandemic.co/lovesweatfitness,35151,1049470,http://www.facebook.com/lovesweatandfitness,http://www.instagram.com/lovesweatfitness,lovesweatandfitness@gmail.com
My Fitness Girls,https://fandemic.co/my-fitness-girls,197052,38009620,https://www.facebook.com/fitgirlsbodies,https://instagram.com/my_fitness_girls,
Rogue Fitness,https://fandemic.co/rogue-fitness,136653,26364047,http://www.facebook.com/roguefitness,http://instagram.com/roguefitness,team@roguefitness.com
MattDoesFitness,https://fandemic.co/mattdoesfitness,29043,2917772,https://www.facebook.com/Mattdoesfitness?ref=hl,http://instagram.com/mattdoesfitness,mattdoesfitness@hotmail.com
Vegan Health Fitness,https://fandemic.co/vegan-health-fitness,16982,11148544,,,
Jordan Yeoh Fitness,https://fandemic.co/jordan-yeoh-fitness,85535,4363322,http://www.facebook.com/jordanyeohfitness,http://www.instagram.com/jordanyeoh,jordanjohnyeoh@gmail.com
GuerrillaZen Fitness,https://fandemic.co/guerrillazen-fitness,29675,2581710,http://www.facebook.com/guerrillazenfitness,https://instagram.com/guerrillazen,blake@guerrillazen.com
MrYorkieLover Fitness,https://fandemic.co/mryorkielover-fitness,39257,21826990,,,
SeanVigueFitness,https://fandemic.co/seanviguefitness,72308,8735720,,,seanviguefitness@gmail.com
DJ Credits Fitness & Music,https://fandemic.co/dj-credits-fitness-&-music,18902,5799307,https://www.facebook.com/DubstepDjCredits,,
GMB Fitness,https://fandemic.co/gmb-fitness,69185,6983915,https://www.facebook.com/GMBfitness,http://instagram.com/gmbfitness,howdy@gmb.io
Melissa Bender,https://fandemic.co/melissa-bender,74542,10063998,,,
Sam's Fitness - Gym Equipment,https://fandemic.co/sams-fitness---gym-equipment,41160,17133869,,,
LexFitness - TeamBOOMBabY!,https://fandemic.co/lexfitness---teamboombaby!,194321,11977822,http://www.facebook.com/lexaesthetics,http://www.instagram.com/lex_fitness,lexfitness@hotmail.co.uk
LocuraSanaFitness,https://fandemic.co/locurasanafitness,181602,12968515,https://www.facebook.com/LocuraSanaFitness,http://instagram.com/locurasanafitness,locurasanafitness@gmail.com
the fitness boy,https://fandemic.co/the-fitness-boy,71076,3938593,http://www.facebook.com/diftfitnessboy,https://www.instagram.com/ernestdift,ernestdift93@gmail.com
Tee Major Fitness,https://fandemic.co/tee-major-fitness,157111,15569153,http://www.facebook.com/teemajorfitness,,tee@teemajor.com
JeromeFitness,https://fandemic.co/jeromefitness,96720,15828460,https://www.facebook.com/OfficialJeromeFitness,,info@jeromefitness.com
Brian Turner,https://fandemic.co/brian-turner,98790,9575833,https://www.facebook.com/TeamBeyondtheWeak,http://www.instagram.com/thicksolidtight,humerusfitness@gmail.com
Guru Mann Fitness,https://fandemic.co/guru-mann-fitness,18737,505879,https://www.facebook.com/gurumannfitness,,
Health And Fitness,https://fandemic.co/health-and-fitness,84699,6167679,https://www.facebook.com/tserieshealthandfitness,https://www.instagram.com/gurumann,
HappyAndFitFitness,https://fandemic.co/happyandfitfitness,109773,11892086,https://www.facebook.com/HappyandFit,,
Nerd Fitness,https://fandemic.co/nerd-fitness,23201,3582967,,,
SHiNE DANCE FITNESS,https://fandemic.co/shine-dance-fitness,34729,6580432,https://www.facebook.com/SHiNEdancefitness,https://instagram.com/shinedancefitness,"kendall@shinedancefitnss.com,kendalln@shinedancefitness.com"
daveywaveyfitness,https://fandemic.co/daveywaveyfitness,118742,11738399,http://www.facebook.com/DaveyWaveyOfficial,http://www.instagram.com/officialdaveywavey,"davey@daveywaveyfitness.com,davey@daveywavey.tv"
bekafit,https://fandemic.co/bekafit,42344,5051405,https://www.facebook.com/bekafitnesstrainer,,bekafitt@gmail.com
Moduti Fitness,https://fandemic.co/moduti-fitness,12632,564072,,,contact@moduti.com
Guns Gear & Fitness,https://fandemic.co/guns-gear-&-fitness,89086,15231457,https://www.facebook.com/TheFateofDestinee,,fateofdestinee@gmail.com
Team DNA Fitness,https://fandemic.co/team-dna-fitness,62595,10226462,,http://instagram.com/teamdnafitness,teamdnafitness@gmail.com
MomsIntoFitness,https://fandemic.co/momsintofitness,40448,4419766,,,
BigJsExtremeFitness,https://fandemic.co/bigjsextremefitness,104124,11268869,,http://instagram.com/bigj_extremefitness,
Matty Fusaro,https://fandemic.co/matty-fusaro,149844,21938322,https://www.facebook.com/matty.fusaro,http://instagram.com/mattyfusaro,matty@fusarofitness.com
Upa Gaming y Fitness,https://fandemic.co/upa-gaming-y-fitness,11153,652247,https://www.facebook.com/pages/Upagammer/753164188046794,,
Men's Fitness,https://fandemic.co/mens-fitness,19672,4137761,https://www.facebook.com/mensfitness,http://instagram.com/mensfitnessmag,
Sebastian Fitness Solutions,https://fandemic.co/sebastian-fitness-solutions,14735,1047986,http://www.facebook.com/SebastianFitnessSolutions,,"suneet@sebastianfitnesssolutions.com,admin@sebastianfitnesssolutions.com"
Raghav Pande's XCell Fitness,https://fandemic.co/raghav-pandes-xcell-fitness,41435,8704339,https://www.facebook.com/xcellfitness,,"raghav.pande@xcellfitness.co.in,raghavpande1980@gmail.com"
Perfect Fitness,https://fandemic.co/perfect-fitness,12861,6023445,,,help@4implus.com
Mike Chang Fitness Brasil,https://fandemic.co/mike-chang-fitness-brasil,187639,16173759,http://www.facebook.com/mikechangfitnessbrasil,http://www.instagram.com/mikechangfitnessbrasil,sac@mikechangfitness.com.br
Sharkz Motivation,https://fandemic.co/sharkz-motivation,32422,4534461,https://www.facebook.com/sharkzmotivation,https://www.instagram.com/sharkzmotivation,productionsharkz@gmail.com
FITNESS Magazine,https://fandemic.co/fitness-magazine,19533,3657644,http://www.facebook.com/fitnessmag,,fitcustserv@cdsfulfillment.com
Tony Horton,https://fandemic.co/tony-horton,171106,8237328,https://www.facebook.com/P90X3,http://instagram.com/tonyshorton,
Boyko Fitness Family,https://fandemic.co/boyko-fitness-family,36437,1931105,,,boyko_fitness_family@mail.ru
Brandon Campbell,https://fandemic.co/brandon-campbell,153371,19068936,http://www.facebook.com/campbellfitness,http://www.instagram.com/campbellfitness,brandoncampbellfitness@gmail.com
Tantra Fitness,https://fandemic.co/tantra-fitness,13639,3261014,,,
THE FITNESS RADAR,https://fandemic.co/the-fitness-radar,24538,6550664,,http://instagram.com/fitnessradar,therackboyz@gmail.com
TheZeusFitness,https://fandemic.co/thezeusfitness,44810,4168573,http://facebook.com/thezeusfitness,,members@zeusfitness.com
ACEfitness,https://fandemic.co/acefitness,26794,6769231,http://www.facebook.com/ACEfitness,,
Chris Albert Fitness,https://fandemic.co/chris-albert-fitness,13912,881349,https://www.facebook.com/Getting2Shredded,http://instagram.com/chrisalbertfitness,
TpindellFitness,https://fandemic.co/tpindellfitness,60874,1542518,https://www.facebook.com/TpindellFitness,,
Muscle and Fitness,https://fandemic.co/muscle-and-fitness,22076,4794203,https://www.facebook.com/MuscleandFitnessMag,http://instagram.com/muscle_and_fitness,
Fitness-Dessert .de,https://fandemic.co/fitness-dessert-.de,15557,1009937,,,
Emilie se met au fitness,https://fandemic.co/emilie-se-met-au-fitness,11460,26430,https://www.facebook.com/EmilieFitness,,
Men's Fitness (UK),https://fandemic.co/mens-fitness-(uk),10701,2500391,https://www.facebook.com/MensFitnessMagazine,,nick_hutchings@dennis.co.uk
Sarah Grace Fitness,https://fandemic.co/sarah-grace-fitness,31958,3811467,,,contact@sarah-grace.com
Fitness On The Run,https://fandemic.co/fitness-on-the-run,21249,3252509,http://www.facebook.com/fitnessontherun,http://www.instagram.com/trainerjonham,
imineo Fitness,https://fandemic.co/imineo-fitness,13871,1668390,https://www.facebook.com/imineocom,,serviceclient@imineo.com
Fitness Challenge Me,https://fandemic.co/fitness-challenge-me,10601,1606312,,http://www.instagram.com/jeff_fitness,fitnesschallengeme@gmail.com
FitnessRockers India,https://fandemic.co/fitnessrockers-india,23849,2936948,http://www.facebook.com/FitnessRockers,,fitnessrockers@gmail.com
Fitness Kochschule by Spaleck,https://fandemic.co/fitness-kochschule-by-spaleck,17030,6566062,,,
Super Sister Fitness,https://fandemic.co/super-sister-fitness,14117,571126,http://www.facebook.com/supersisterfitness,http://instagram.com/supersisterfitness,contact@gosupersisters.com
Rebecca-Louise,https://fandemic.co/rebecca-louise,91435,6195065,http://www.facebook.com/rebeccalouisefitness,http://instagram.com/rebeccalouisefitness,contact@rebecca-louise.com
Xtreme Fitness Motivation HD,https://fandemic.co/xtreme-fitness-motivation-hd,52025,13742848,,,pris0n3rcf@gmail.com
CUT FITNESS,https://fandemic.co/cut-fitness,12201,10947022,,,
Bowmar Fitness,https://fandemic.co/bowmar-fitness,10754,214988,,,
M.FITNESS,https://fandemic.co/m.fitness,12168,399373,,,
Fitness Time,https://fandemic.co/fitness-time,15720,2167466,,https://instagram.com/asc_ft,
Fitness Tips for Women,https://fandemic.co/fitness-tips-for-women,39788,2258156,,,
ajFitness,https://fandemic.co/ajfitness,53206,9562302,https://www.facebook.com/FitnessWithAJ,http://www.instagram.com/FitnessWithAJ,fitnesswithajtraining@gmail.com
Lucy Wyndham-Read,https://fandemic.co/lucy-wyndham-read,80404,2772142,https://www.facebook.com/pages/LWR-Fitness/187955687937936,http://instagram.com/lucywyndhamread#,
Schmale Schulter,https://fandemic.co/schmale-schulter,16860,1289060,https://www.facebook.com/SchmaleSchulterFitness,,schmaleschulter@gmx.de
Rafa's InFitnessTV,https://fandemic.co/rafas-infitnesstv,116431,14958398,http://www.facebook.com/infitnesstv,http://instagram.com/rafainfit,infitnesstv@gmail.com
huntfitnesstv,https://fandemic.co/huntfitnesstv,13989,1877710,http://facebook.com/huntfitness,http://instagram.com/huntfitness,kylehuntfitness@gmail.com
Strive Fitness,https://fandemic.co/strive-fitness,44310,2799673,,,
Fitness Hit,https://fandemic.co/fitness-hit,28722,3978822,,,
Motivacion Gym Fitness,https://fandemic.co/motivacion-gym-fitness,117009,7329338,,,
Rob Lipsett,https://fandemic.co/rob-lipsett,44923,3315150,,http://instagram.com/roblipsett,
Ridgeline Fitness,https://fandemic.co/ridgeline-fitness,16059,6994532,,,
Nuestro Mundo Fitness,https://fandemic.co/nuestro-mundo-fitness,32262,3798348,https://www.facebook.com/nuestromundofitness,,contacto.nmf@gmail.com
la verdad sobre el,https://fandemic.co/la-verdad-sobre-el,57111,9448809,https://www.facebook.com/Todalaverdadsobreelfitness,,
NuWave Fitness,https://fandemic.co/nuwave-fitness,11497,2514139,http://www.facebook.com/pages/NuWave-Fitness/189664521044922,http://www.instagram.com/nuwavefitness,
Ben Greenfield Fitness,https://fandemic.co/ben-greenfield-fitness,14844,3381819,http://www.facebook.com/bgfitness,http://www.instagram.com/bengreenfieldfitness,"ben@bengreenfieldfitness.com,support@bengreenfieldfitness.com"
Generation Iron Fitness Network,https://fandemic.co/generation-iron-fitness-network,47389,8553000,https://facebook.com/generationiron,http://instagram.com/generationironofficial,vladarfilms@gmail.com
FitfoodmarketTV,https://fandemic.co/fitfoodmarkettv,21307,917310,http://www.facebook.com/fitfoodmarket,http://instagram.com/fitfoodmarket,"infoasesoramiento@fitfoodmarket.es,fitfoodmarket@gmail.com"
Fitness in Casa,https://fandemic.co/fitness-in-casa,51956,15870591,,,
Brad Gaines,https://fandemic.co/brad-gaines,66066,11360702,,,brad@bradgainesfitness.com
chichihealthfitness,https://fandemic.co/chichihealthfitness,20657,2501127,,,
Leslie Sweat Fitness,https://fandemic.co/leslie-sweat-fitness,12521,648651,https://www.facebook.com/pages/Sweat-Sixteen-Fitness/424423934281309,http://instagram.com/sweatsixteen,lesliegettinglean@gmail.com
Bodybuilding and Fitness,https://fandemic.co/bodybuilding-and-fitness,24953,1853479,https://www.facebook.com/bodybuildandfitness,,
LoveHealthOK,https://fandemic.co/lovehealthok,139918,3715294,,,
BodyBook: Health and Fitness,https://fandemic.co/bodybook:-health-and-fitness,73181,7157308,,,
Fitness Hall Of Fame,https://fandemic.co/fitness-hall-of-fame,11147,2972799,,,
Kara Corey Fit Life,https://fandemic.co/kara-corey-fit-life,56181,5359042,https://www.facebook.com/KaraLeighNpcBikini,http://instagram.com/karacoreyfitlife,karacoreyfitlife@gmail.com
ExtremeFitnessPro,https://fandemic.co/extremefitnesspro,15918,2921513,,,
LadiesFitness,https://fandemic.co/ladiesfitness,18308,3066648,https://www.facebook.com/pages/Fitness-Girls/1398330657159694?ref=hl,,
John Romaniello,https://fandemic.co/john-romaniello,10111,2590014,https://www.facebook.com/OfficialJohnRomaniello,,support@romanfitnesssystems.com
Dr Levi Harrison,https://fandemic.co/dr-levi-harrison,15078,2294460,https://www.Facebook.com/DrLeviHarrison,,drlevihealth@yahoo.com
Kinobody,https://fandemic.co/kinobody,182462,23996764,http://facebook.com/kinobodyfitness,http://instagram.com/gregogallagher,
CzechFitnessGirl,https://fandemic.co/czechfitnessgirl,23653,17071359,http://www.facebook.com/HalkidikiFitnessBootCamp,,
Tarun Gill,https://fandemic.co/tarun-gill,21508,1457715,https://www.facebook.com/pages/Tarun-Gill/1614122448868211,https://instagram.com/iamtarungill,
TheOnlineCoachTube .,https://fandemic.co/theonlinecoachtube-.,109477,14530326,https://www.facebook.com/raymondqueridojr,https://www.instagram.com/theonlinecoach,raymond@the-online-coach.com
Abby Esbenshade,https://fandemic.co/abby-esbenshade,15339,816454,,http://instagram.com/abby_esbenshade,
Vegan Gains,https://fandemic.co/vegan-gains,177115,48772380,https://www.facebook.com/pages/Vegan-Gains/750568258359704,,
AeroFitnessBlog,https://fandemic.co/aerofitnessblog,33257,4902100,http://facebook.com/AeroFitnessBlog,,
Brittany Lesser,https://fandemic.co/brittany-lesser,37208,1787226,https://www.facebook.com/brittanylesserfit?ref=hl,http://instagram.com/brittanylesser,"nbrittanylesserfitness@gmail.com,brittanylesserfitness@gmail.com"
Johnny Sins / Motion Muscle Fitness,https://fandemic.co/johnny-sins-/-motion-muscle-fitness,18627,999587,,,
barthelfitness,https://fandemic.co/barthelfitness,81470,19883476,http://www.facebook.com/profile.php?id=708326819,,
BabeFitness,https://fandemic.co/babefitness,24212,7863085,,,
FEMALE FITNESS BODY,https://fandemic.co/female-fitness-body,31513,5442587,https://www.facebook.com/Themotivator123,,
aesthetics athletics,https://fandemic.co/aesthetics-athletics,14951,4133277,,,
Legends of Aesthetics,https://fandemic.co/legends-of-aesthetics,14869,498419,,,
Zyzz Brah & Aesthetics Crew,https://fandemic.co/zyzz-brah-&-aesthetics-crew,18234,5191004,,http://www.Instagram.com/Zyzzbrahfanpage,
Golden Aesthetics RUS,https://fandemic.co/golden-aesthetics-rus,13392,1095887,https://www.facebook.com/artemdolginpublic,,main@artemdolgin.ru
Student Aesthetics,https://fandemic.co/student-aesthetics,25904,1704616,http://facebook.com/student.aesthetics,http://instagram.com/student_aesthetics,"info@student-aesthetics.com,info@student-aesthetics.com"
AlfieAesthetics,https://fandemic.co/alfieaesthetics,118733,8975322,https://www.facebook.com/AlfieTheAesthetic,,
BeastAesthetics,https://fandemic.co/beastaesthetics,28474,6074248,https://www.facebook.com/bodybuildingbeast,http://instagram.com/beastaesthetics,fmdbeast@yahoo.com
Tony Do,https://fandemic.co/tony-do,26845,2903410,https://www.facebook.com/pureaesthetics93,http://www.instagram.com/tonydo__,info@tdofit.com
Aesthetic Aviraj,https://fandemic.co/aesthetic-aviraj,13522,809405,https://www.facebook.com/avirajp,https://instagram.com/aviraj_pardesi_official,avirajsharma1@gmail.com
Swole Patrol,https://fandemic.co/swole-patrol,46684,3054571,,,
AestheticGamer,https://fandemic.co/aestheticgamer,27801,10799252,https://www.facebook.com/AestheticGamer,,aestheticgamer@gmail.com
Gokuflex,https://fandemic.co/gokuflex,102714,9018350,http://www.facebook.com/MattKidoFitness,http://www.Instagram.com/Gokuflex,gokuflex@yahoo.com
AestheticFeet,https://fandemic.co/aestheticfeet,12652,1214346,,,aestheticfeet@aim.com
Tomislav Zovko,https://fandemic.co/tomislav-zovko,30083,6809837,https://www.facebook.com/teambalkanfit,http://instagram.com/balkanfit,t.zovko@live.at
The New School,https://fandemic.co/the-new-school,51519,6284706,http://www.facebook.com/TheNewSchool,http://instagram.com/TheNewSchool,careers@newschool.edu
The Epidemic,https://fandemic.co/the-epidemic,92242,24417565,,,
Face Yoga Method,https://fandemic.co/face-yoga-method,100997,9297548,https://www.facebook.com/faceyogafumiko,,info@faceyogamethod.com
The Prophecy Workout Channel,https://fandemic.co/the-prophecy-workout-channel,33511,12224670,,,
Danny's Workout,https://fandemic.co/dannys-workout,22588,2570348,http://www.facebook.com/dannysworkout,,
Workout Brothers,https://fandemic.co/workout-brothers,23399,1374872,https://www.facebook.com/LucasWorkoutBrothers,https://instagram.com/lucasangles,
Street Workout Armenia,https://fandemic.co/street-workout-armenia,16052,5190833,http://www.facebook.com/StreetWorkoutArmenia,http://instagram.com/streetworkoutarmenia_,info@workout.am
Jen Selter Workout,https://fandemic.co/jen-selter-workout,64902,9113659,,,
WORKOUT MUSIC FIGHT MUSIC TV,https://fandemic.co/workout-music-fight-music-tv,10018,3260093,,,
Czech Workout Official - XiOne and Lada,https://fandemic.co/czech-workout-official---xione-and-lada,20801,2150133,,http://instagram.com/czechworkout,ladapridal@gmail.com
Workout Music Source,https://fandemic.co/workout-music-source,15364,3537531,https://www.facebook.com/WorkoutMusicSource,http://instagram.com/workoutmusicsource,
Tereza Workout,https://fandemic.co/tereza-workout,54224,1868226,,,
Best American Workout Music,https://fandemic.co/best-american-workout-music,75455,3832885,https://www.facebook.com/pages/Best-American-Workout-Music/476900272473862,,
Alex Wong,https://fandemic.co/alex-wong,13912,2753437,http://www.facebook.com/wongsworkout,http://www.instagram.com/wongsworkout,wongworkout@gmail.com
Yerai Street Workout,https://fandemic.co/yerai-street-workout,63251,5012473,http://www.facebook.com/nogravitysw,http://instagram.com/yeraialonso,yeraialonsoworkout@gmail.com
Woman v. Workout,https://fandemic.co/woman-v.-workout,32205,6827878,,,
Girls Workout,https://fandemic.co/girls-workout,12098,2096250,,,contact@005.com.tw
NJ STREET WORKOUT,https://fandemic.co/nj-street-workout,11747,3074258,https://www.facebook.com/njstreetworkout,http://instagram.com/ayoub.najem.90,
vicky justiz,https://fandemic.co/vicky-justiz,104185,5900477,,,
Gorilla Warfare Workout,https://fandemic.co/gorilla-warfare-workout,33725,6417822,http://www.facebook.com/pages/MaksPBigE-Fitness/233867116695603,http://instagram.com/makspthetruth,
Street Workout,https://fandemic.co/street-workout,13085,2053838,http://www.facebook.com/STREETWORKOUTUKRAINE,,minin.workout@gmail.com
amanda russell,https://fandemic.co/amanda-russell,79256,5833690,https://www.facebook.com/amandarussellfitness,https://instagram.com/amandarussellfss,"amanda@amanda-russell.com,amanda@fitstrongandsexy.com,admin@fitstrongandsexy.com"
Rebecca-Louise,https://fandemic.co/rebecca-louise,91436,6195065,http://www.facebook.com/rebeccalouisefitness,http://instagram.com/rebeccalouisefitness,contact@rebecca-louise.com
WorkOutRussia,https://fandemic.co/workoutrussia,19642,1812180,https://www.facebook.com/WorkOutRussia,http://instagram.com/workoutrussia,info@workout.su
K - Gaming Music,https://fandemic.co/k---gaming-music,24991,2804703,,,
Way of Gray,https://fandemic.co/way-of-gray,23162,496264,http://www.facebook.com/wayofgray,http://www.instagram.com/wayofgray,
Canal PSW,https://fandemic.co/canal-psw,12761,923643,,,
HanhChampion,https://fandemic.co/hanhchampion,100298,14528254,http://www.facebook.com/hanhchampionz,,
Ultimate Workout Motivation,https://fandemic.co/ultimate-workout-motivation,16819,7888713,https://www.facebook.com/UltimateWorkoutMotivation,http://instagram.com/codygallant03,
The Balanced Life with Robin Long,https://fandemic.co/the-balanced-life-with-robin-long,11451,803060,http://www.facebook.com/thebalancedlife,http://instagram.com/thebalancedlife,robin@thebalancedlifeonline.com
daveywaveyfitness,https://fandemic.co/daveywaveyfitness,118744,11738399,http://www.facebook.com/DaveyWaveyOfficial,http://www.instagram.com/officialdaveywavey,"davey@daveywaveyfitness.com,davey@daveywavey.tv"
Dulcinea Hellings,https://fandemic.co/dulcinea-hellings,27516,6471926,,,
Ryan Shanahan,https://fandemic.co/ryan-shanahan,22060,2939308,https://www.facebook.com/RyanShanahanWorkout,,"info@ryanshanahan.com,ryan@ryanshanahan.com"
Sparta Strength,https://fandemic.co/sparta-strength,131978,14484104,https://www.facebook.com/spartastrength,http://instagram.com/sparta_strength,
HappyAndFitFitness,https://fandemic.co/happyandfitfitness,109775,11892086,https://www.facebook.com/HappyandFit,,
Simeon Panda,https://fandemic.co/simeon-panda,188285,10633794,https://www.facebook.com/SimeonPandaOfficial,http://instagram.com/simeonpanda,enquiries@simeonpanda.com
Boho Beautiful,https://fandemic.co/boho-beautiful,56852,2802711,https://www.facebook.com/cexercize,http://www.instagram.com/bohobeautifullife,"juliana@julianasemenova.com,cexercize@gmail.com"
Sandra Perez,https://fandemic.co/sandra-perez,40166,2357396,https://www.facebook.com/sandra.perez.5876,https://instagram.com,
Workouts for Women,https://fandemic.co/workouts-for-women,73381,10107541,,,
NaturallyStefanie,https://fandemic.co/naturallystefanie,59033,2944083,,,
TheOnlineCoachTube .,https://fandemic.co/theonlinecoachtube-.,109477,14530326,https://www.facebook.com/raymondqueridojr,https://www.instagram.com/theonlinecoach,raymond@the-online-coach.com
Sandra Prikker,https://fandemic.co/sandra-prikker,15168,392217,,,
Lee Hayward,https://fandemic.co/lee-hayward,191289,52001801,http://www.facebook.com/total.fitness.bodybuilding,,lee@leehayward.com
Hot Fitness Ladies HD,https://fandemic.co/hot-fitness-ladies-hd,28597,376436,,,pris0n3rcf@gmail.com
Terron F.Beckham,https://fandemic.co/terron-f.beckham,13256,593367,,,
TheZeusFitness,https://fandemic.co/thezeusfitness,44811,4168573,http://facebook.com/thezeusfitness,,members@zeusfitness.com
BigJsExtremeFitness,https://fandemic.co/bigjsextremefitness,104124,11268869,,http://instagram.com/bigj_extremefitness,
Calistenia Brasil,https://fandemic.co/calistenia-brasil,29444,1124358,http://www.facebook.com/calisteniabrasil,http://www.instagram.com/calisteninabrasil,calisteniabrasil@outlook.com
PAWG,https://fandemic.co/pawg,17766,2336300,,,
Dickerson Ross,https://fandemic.co/dickerson-ross,37662,1325985,,,ross@dickersonross.com
itsbambii Playhouse,https://fandemic.co/itsbambii-playhouse,180500,8122117,,https://instagram.com/itsbambii,bookingitsbambii@gmail.com
Kinobody,https://fandemic.co/kinobody,182477,23996764,http://facebook.com/kinobodyfitness,http://instagram.com/gregogallagher,
SHAWSTRENGTH,https://fandemic.co/shawstrength,37085,1455633,http://www.facebook.com/wsmbrianshaw,,
ZhasniMotivation,https://fandemic.co/zhasnimotivation,152276,44332783,http://www.facebook.com/pages/Zhasni/173877474833,,
Cinergy Training,https://fandemic.co/cinergy-training,11230,1428186,,,
slavvs,https://fandemic.co/slavvs,60008,24941661,http://www.facebook.com/pages/Slavvs/558083487544864,,slavvslavov@gmail.com
BodyBuilding Eu HD,https://fandemic.co/bodybuilding-eu-hd,44445,10068374,,https://www.instagram.com/bodybuildingeuhdofficial,
FUSION BODYBUILDING,https://fandemic.co/fusion-bodybuilding,17019,3816894,http://www.facebook.com/fusionbodybuilding,http://instagram.com/fusionbodybuilding#,culture@fusionbodybuilding.com
Regan Grimes and Victoria D'Ariano,https://fandemic.co/regan-grimes-and-victoria-dariano,11556,866640,,,teamgrimes@hotmail.com
RxMuscle -- The Truth in Bodybuilding,https://fandemic.co/rxmuscle----the-truth-in-bodybuilding,41941,26061648,https://www.facebook.com/rxmuscledotcom,https://instagram.com/official_rxmuscle,"davepalumbo@rxmuscle.com,huge285@aol.com"
The Bodybuilding India,https://fandemic.co/the-bodybuilding-india,31049,3689716,https://www.facebook.com/teenbodybuildingindia,http://www.instagram.com/shreyasrocky,"thewrongboyz@gmail.com,udce9shreyasrocky@gmail.com"
FutureBodyBuilder,https://fandemic.co/futurebodybuilder,13729,4032781,,,
NickVisionMotivation,https://fandemic.co/nickvisionmotivation,13186,2263393,,,nickvisionmotivation@gmail.com
Bodybuilding and Fitness,https://fandemic.co/bodybuilding-and-fitness,24954,1853479,https://www.facebook.com/bodybuildandfitness,,
Mr real,https://fandemic.co/mr-real,61858,15943859,https://www.facebook.com/tvMrreal,,onil29@hotmail.fr
JerichoDMZ,https://fandemic.co/jerichodmz,87116,27068648,https://www.facebook.com/JerichoDMZ,,productionjericho@gmail.com
Bodybuilding - Topic,https://fandemic.co/bodybuilding---topic,114389,0,,,
Fanzi Bodybuilding & Fitness Motivation,https://fandemic.co/fanzi-bodybuilding-&-fitness-motivation,55624,12780227,,https://www.instagram.com/fanzimotivation,
Bodybuilderlife TV,https://fandemic.co/bodybuilderlife-tv,26307,952298,https://www.facebook.com/Bodybuilderlifetv,,
GoB Channel,https://fandemic.co/gob-channel,121862,24658343,,,
BroScience Bodybuilding,https://fandemic.co/broscience-bodybuilding,28162,6349739,,,
Testosterone Nation,https://fandemic.co/testosterone-nation,64560,20946643,https://www.facebook.com/OfficialTestosteroneNation,,
MAKAVELI*MOTIVATION,https://fandemic.co/makaveli*motivation,64955,19763719,,,
B Motivation,https://fandemic.co/b-motivation,36384,3547202,,,
Fedor Bodybuilding,https://fandemic.co/fedor-bodybuilding,37752,16299610,http://www.facebook.com/FedorMotivations,,"patrik.pilny0@gmail.com,fedor.lolplays@seznam.cz"
Bodybuilding Movies,https://fandemic.co/bodybuilding-movies,58972,22386839,,,
Bodybuilding Priest,https://fandemic.co/bodybuilding-priest,32840,6984181,https://www.facebook.com/Bodybuilding-Priest-857155954369797/?ref=hl,https://www.instagram.com/muscle_usa_,
Antoine Vaillant,https://fandemic.co/antoine-vaillant,75680,16295741,https://www.facebook.com/avbodybuilder,https://www.instagram.com/antoinev87,"availlant.business@gmail.com,avbodybuilder@gmail.com"
BBL,https://fandemic.co/bbl,18941,7483065,https://www.facebook.com/BBLFanpage,,
Zach Zeiler,https://fandemic.co/zach-zeiler,147901,30498166,,http://www.instagram.com/zachzeiler,
Bodybuilding Mexico,https://fandemic.co/bodybuilding-mexico,10078,5573083,,,
Moreno Editor,https://fandemic.co/moreno-editor,25381,5599034,http://www.facebook.com/morenoeditor,,
WallEast,https://fandemic.co/walleast,48453,21991025,http://www.facebook.com/pages/WallEast/202600259751057,http://instagram.com/walleast,
Miguel Valenzuela,https://fandemic.co/miguel-valenzuela,57673,9344189,https://www.facebook.com/AestheticPerfectionTechnology,,
ric drasin,https://fandemic.co/ric-drasin,75123,22910575,http://www.facebook.com/ricdrasin,,
Bodybuilding Motivation,https://fandemic.co/bodybuilding-motivation,13297,3846472,https://www.facebook.com/pages/Best-Bodybuilding-Motivation/1527605294123438,,
LexFitness - TeamBOOMBabY!,https://fandemic.co/lexfitness---teamboombaby!,194330,11977822,http://www.facebook.com/lexaesthetics,http://www.instagram.com/lex_fitness,lexfitness@hotmail.co.uk
COOKED & SHREDDED - Die besten Fitness- & Bodybuilding Rezepte,https://fandemic.co/cooked-&-shredded---die-besten-fitness--&-bodybuilding-rezepte,16005,1736691,https://www.facebook.com/cookedandshredded,https://www.instagram.com/cookedandshredded,
vicsnatural,https://fandemic.co/vicsnatural,155987,20209727,https://www.facebook.com/vicsnatural,,"businessinquiries@thecollective-la.com,vicsnatural@hotmail.com"
GMVBODYBUILDING,https://fandemic.co/gmvbodybuilding,13454,25155010,,,
Johannes Luckas - Personal Training,https://fandemic.co/johannes-luckas---personal-training,63397,9912114,https://www.facebook.com/pages/Personaltrainer-Johannes-Luckas/172232562788502,,
Mind PUMP Motivation,https://fandemic.co/mind-pump-motivation,92927,28095755,http://on.fb.me/1SKJ213,,mindpmotivation@gmail.com
Brian Turner,https://fandemic.co/brian-turner,98789,9575833,https://www.facebook.com/TeamBeyondtheWeak,http://www.instagram.com/thicksolidtight,humerusfitness@gmail.com
Cornelia Ritzke,https://fandemic.co/cornelia-ritzke,33373,1771573,https://www.facebook.com/corneliaritzkeberlin,,
Lee Hayward,https://fandemic.co/lee-hayward,191290,52001801,http://www.facebook.com/total.fitness.bodybuilding,,lee@leehayward.com
Body-Xtreme,https://fandemic.co/body-xtreme,14907,5614473,https://www.facebook.com/BodyXtreme.de,,"bx@body-xtreme.de,support@body-xtreme.de"
Sean ThompsonTV,https://fandemic.co/sean-thompsontv,67436,7162151,,https://www.instagram.com/seanthompsontv,
Caio Bottura,https://fandemic.co/caio-bottura,94466,6969077,https://www.facebook.com/botturacaio,https://instagram.com/botturacaio,
Renat Motivation,https://fandemic.co/renat-motivation,21066,12749282,http://www.facebook.com/pages/Renat-Motivational-Videos/152673154813620,,
Lorenzo Becker,https://fandemic.co/lorenzo-becker,72833,20024943,http://www.FACEBOOK.COM/LORENZOBFR,,
BigJsExtremeFitness,https://fandemic.co/bigjsextremefitness,104124,11268869,,http://instagram.com/bigj_extremefitness,
USAMuscle,https://fandemic.co/usamuscle,28440,37074838,http://facebook.com/USAMuscle,,
Female Bodybuilders,https://fandemic.co/female-bodybuilders,10022,5972519,,,
Sean Nalewanyj,https://fandemic.co/sean-nalewanyj,65609,9560144,https://www.facebook.com/SeanNalewanyjOfficial,,sean@seannal.com
NaturallyStefanie,https://fandemic.co/naturallystefanie,59035,2944083,,,
Yahya Bakkar,https://fandemic.co/yahya-bakkar,23690,1463826,http://www.facebook.com/yahyabakkar,http://www.instagram.com/yahyabakkar,booking@yahyabakkar.com
MrYorkieLover Fitness,https://fandemic.co/mryorkielover-fitness,39257,21826990,,,
Terron F.Beckham,https://fandemic.co/terron-f.beckham,13256,593367,,,
Kara Corey Fit Life,https://fandemic.co/kara-corey-fit-life,56182,5359042,https://www.facebook.com/KaraLeighNpcBikini,http://instagram.com/karacoreyfitlife,karacoreyfitlife@gmail.com
Brittany Lesser,https://fandemic.co/brittany-lesser,37212,1787226,https://www.facebook.com/brittanylesserfit?ref=hl,http://instagram.com/brittanylesser,"brittanylesserfitness@gmail.com,brittanylesserfitness@gmail.com"
Enzo TV,https://fandemic.co/enzo-tv,110986,8114777,https://www.facebook.com/pages/Enzo-Foukra/1440274632913673,http://instagram.com/enzofoukra,
K - Gaming Music,https://fandemic.co/k---gaming-music,24994,2804703,,,
Casually Explained,https://fandemic.co/casually-explained,133056,5426036,,,
barthelfitness,https://fandemic.co/barthelfitness,81472,19883476,http://www.facebook.com/profile.php?id=708326819,,
Tomislav Zovko,https://fandemic.co/tomislav-zovko,30084,6809837,https://www.facebook.com/teambalkanfit,http://instagram.com/balkanfit,t.zovko@live.at
AZM51TES2012,https://fandemic.co/azm51tes2012,29840,6172038,https://www.facebook.com/jerome.pina.56,https://instagram.com/jeromepina,
